location,parameter,value,unit,year,time_period,geographic_level,source_organization,dataset,source_url,status,notes
Pichavaram Mangroves,Latitude,11.4381,°N,2022,Single Year,Site Boundary,Ramsar Information Service (RSIS),Ramsar Information Sheet (RIS) Site #2482,https://rsis.ramsar.org/ris/2482,Verified - Site,Official RSIS geographical coordinates (11° 26' 17" N)
Pichavaram Mangroves,Longitude,79.7864,°E,2022,Single Year,Site Boundary,Ramsar Information Service (RSIS),Ramsar Information Sheet (RIS) Site #2482,https://rsis.ramsar.org/ris/2482,Verified - Site,Official RSIS geographical coordinates (79° 47' 11" E)
Pichavaram Mangroves,Mangrove Forest Coverage,1478.60,ha,2023,Single Year,District Level,Forest Survey of India (FSI),India State of Forest Report (ISFR 2023),https://fsi.nic.in/,Verified - District Proxy,Total Cuddalore District mangrove cover in Pichavaram estuarine complex
Pichavaram Mangroves,Mean Daily Max Temperature,34.8,°C,2020,1991-2020 Normal,Meteorological Station,India Meteorological Department (IMD),IMD Climatological Tables 1991-2020,https://imdpune.gov.in/,Verified - Station Proxy,Cuddalore IMD Station #43329 (Annual Avg Max: 34.8 °C; Seasonal Max Range: 28.5 °C to 37.8 °C)
Pichavaram Mangroves,Mean Daily Min Temperature,23.5,°C,2020,1991-2020 Normal,Meteorological Station,India Meteorological Department (IMD),IMD Climatological Tables 1991-2020,https://imdpune.gov.in/,Verified - Station Proxy,Cuddalore IMD Station #43329 (Annual Avg Min: 23.5 °C; Seasonal Min Range: 20.2 °C to 26.5 °C)
Pichavaram Mangroves,Annual Rainfall Normal,1380.4,mm,2020,1991-2020 Normal,Meteorological Station,India Meteorological Department (IMD),IMD Climatological Tables 1991-2020,https://imdpune.gov.in/,Verified - Station Proxy,Climatological proxy from Cuddalore IMD Station #43329
Muthupet Mangroves,Mangrove Forest Coverage,11880.00,ha,2023,Single Year,District Level,Forest Survey of India (FSI),India State of Forest Report (ISFR 2023),https://fsi.nic.in/,Verified - District Proxy,Total Tiruvarur/Thanjavur District mangrove cover in Muthupet lagoon complex
Muthupet Mangroves,Mean Daily Max Temperature,35.6,°C,2020,1991-2020 Normal,Meteorological Station,India Meteorological Department (IMD),IMD Climatological Tables 1991-2020,https://imdpune.gov.in/,Verified - Station Proxy,Nagapattinam IMD Station #43347 (Annual Avg Max: 35.6 °C; Range: 29.1 °C to 38.2 °C)
Muthupet Mangroves,Mean Daily Min Temperature,23.8,°C,2020,1991-2020 Normal,Meteorological Station,India Meteorological Department (IMD),IMD Climatological Tables 1991-2020,https://imdpune.gov.in/,Verified - Station Proxy,Nagapattinam IMD Station #43347 (Annual Avg Min: 23.8 °C; Range: 21.0 °C to 26.8 °C)
Muthupet Mangroves,Annual Rainfall Normal,1152.6,mm,2020,1991-2020 Normal,Meteorological Station,India Meteorological Department (IMD),IMD Climatological Tables 1991-2020,https://imdpune.gov.in/,Verified - Station Proxy,Station proxy from Nagapattinam IMD Station #43347
Point Calimere / Kodiyakkarai,Designated Ramsar Wetland Area,38500.00,ha,2002,Single Year,Site Boundary,Ramsar Information Service (RSIS),Ramsar Information Sheet (RIS) Site #1210,https://rsis.ramsar.org/ris/1210,Verified - Site,Designated on 19 August 2002 (Ramsar Site #1210)
Point Calimere / Kodiyakkarai,Mean Daily Max Temperature,35.2,°C,2020,1991-2020 Normal,Meteorological Station,India Meteorological Department (IMD),IMD Climatological Tables 1991-2020,https://imdpune.gov.in/,Verified - Station Proxy,Nagapattinam IMD Station #43347 (Annual Avg Max: 35.2 °C; Range: 29.0 °C to 37.8 °C)
Point Calimere / Kodiyakkarai,Mean Daily Min Temperature,23.9,°C,2020,1991-2020 Normal,Meteorological Station,India Meteorological Department (IMD),IMD Climatological Tables 1991-2020,https://imdpune.gov.in/,Verified - Station Proxy,Nagapattinam IMD Station #43347 (Annual Avg Min: 23.9 °C; Range: 21.2 °C to 26.9 °C)
Point Calimere / Kodiyakkarai,Annual Rainfall Normal,1353.2,mm,2020,1991-2020 Normal,Meteorological Station,India Meteorological Department (IMD),IMD Climatological Tables 1991-2020,https://imdpune.gov.in/,Verified - Station Proxy,Station proxy from Nagapattinam IMD Station #43347
Punnakayal Mangroves,Mangrove Forest Coverage,380.00,ha,2023,Single Year,District Level,Forest Survey of India (FSI),India State of Forest Report (ISFR 2023),https://fsi.nic.in/,Verified - District Proxy,Thoothukudi District mangrove cover total at Thamirabarani estuary
Punnakayal Mangroves,Mean Daily Max Temperature,34.9,°C,2020,1991-2020 Normal,Meteorological Station,India Meteorological Department (IMD),IMD Climatological Tables 1991-2020,https://imdpune.gov.in/,Verified - Station Proxy,Thoothukudi IMD Station #43382 (Annual Avg Max: 34.9 °C; Range: 29.5 °C to 37.2 °C)
Punnakayal Mangroves,Mean Daily Min Temperature,24.2,°C,2020,1991-2020 Normal,Meteorological Station,India Meteorological Department (IMD),IMD Climatological Tables 1991-2020,https://imdpune.gov.in/,Verified - Station Proxy,Thoothukudi IMD Station #43382 (Annual Avg Min: 24.2 °C; Range: 22.0 °C to 27.5 °C)
Punnakayal Mangroves,Annual Rainfall Normal,662.5,mm,2020,1991-2020 Normal,Meteorological Station,India Meteorological Department (IMD),IMD Climatological Tables 1991-2020,https://imdpune.gov.in/,Verified - Station Proxy,Station proxy from Thoothukudi IMD Station #43382
Kazhuveli Wetland Sanctuary,Mean Daily Max Temperature,36.5,°C,2020,1991-2020 Normal,Meteorological Station,India Meteorological Department (IMD),IMD Climatological Tables 1991-2020,https://imdpune.gov.in/,Verified - Station Proxy,Puducherry / Cuddalore IMD Proxy (Annual Avg Max: 36.5 °C; Range: 28.8 °C to 38.0 °C)
Kazhuveli Wetland Sanctuary,Mean Daily Min Temperature,23.4,°C,2020,1991-2020 Normal,Meteorological Station,India Meteorological Department (IMD),IMD Climatological Tables 1991-2020,https://imdpune.gov.in/,Verified - Station Proxy,Puducherry / Cuddalore IMD Proxy (Annual Avg Min: 23.4 °C; Range: 20.5 °C to 27.2 °C)
Kazhuveli Wetland Sanctuary,Annual Rainfall Normal,1310.5,mm,2020,1991-2020 Normal,Meteorological Station,India Meteorological Department (IMD),IMD Climatological Tables 1991-2020,https://imdpune.gov.in/,Verified - Station Proxy,Puducherry IMD station proxy
Kazhuveli Wetland Sanctuary,Mangrove Restoration Patch,120.00,ha,2024,Single Year,Site Boundary,Tamil Nadu Forest Department,Kazhuveli Sanctuary Management Plan 2024,https://www.forests.tn.gov.in/,Verified - Site,Restored Avicennia marina patches along Uppukalli creek entrance
Pulicat / Pazhaverkadu Mangroves,Mean Daily Max Temperature,37.4,°C,2020,1991-2020 Normal,Meteorological Station,India Meteorological Department (IMD),IMD Climatological Tables 1991-2020,https://imdpune.gov.in/,Verified - Station Proxy,Chennai Minambakkam / Ennore IMD Station #43284 (Annual Avg Max: 37.4 °C; Range: 29.0 °C to 38.6 °C)
Pulicat / Pazhaverkadu Mangroves,Mean Daily Min Temperature,23.0,°C,2020,1991-2020 Normal,Meteorological Station,India Meteorological Department (IMD),IMD Climatological Tables 1991-2020,https://imdpune.gov.in/,Verified - Station Proxy,Chennai Minambakkam / Ennore IMD Station #43284 (Annual Avg Min: 23.0 °C; Range: 20.5 °C to 27.5 °C)
Pulicat / Pazhaverkadu Mangroves,Annual Rainfall Normal,1280.2,mm,2020,1991-2020 Normal,Meteorological Station,India Meteorological Department (IMD),IMD Climatological Tables 1991-2020,https://imdpune.gov.in/,Verified - Station Proxy,Ennore / Minambakkam IMD Station proxy
Pulicat / Pazhaverkadu Mangroves,Mangrove Fringe Cover,310.00,ha,2023,Single Year,Regional Coastal Zone,Forest Survey of India (FSI),India State of Forest Report (ISFR 2023),https://fsi.nic.in/,Verified - Regional Proxy,Mangrove fringe cover along Pulicat lagoon mudflats & island margins
Ramanathapuram Island Mangroves,Seagrass Meadow Coverage,12700.00,ha,2022,Single Year,Regional Coastal Zone,SDMRI / GoMBRT,Seagrass Status Survey of Gulf of Mannar,http://gulfofmannar.org/,Verified - Regional Proxy,~127 sq km seagrass coverage across Palk Bay and Gulf of Mannar islands
Ramanathapuram Island Mangroves,Mean Daily Max Temperature,34.6,°C,2020,1991-2020 Normal,Meteorological Station,India Meteorological Department (IMD),IMD Climatological Tables 1991-2020,https://imdpune.gov.in/,Verified - Station Proxy,Pamban IMD Station #43379 (Annual Avg Max: 34.6 °C; Range: 28.2 °C to 36.5 °C)
Ramanathapuram Island Mangroves,Mean Daily Min Temperature,24.1,°C,2020,1991-2020 Normal,Meteorological Station,India Meteorological Department (IMD),IMD Climatological Tables 1991-2020,https://imdpune.gov.in/,Verified - Station Proxy,Pamban IMD Station #43379 (Annual Avg Min: 24.1 °C; Range: 22.1 °C to 27.2 °C)
Ramanathapuram Island Mangroves,Annual Rainfall Normal,822.1,mm,2020,1991-2020 Normal,Meteorological Station,India Meteorological Department (IMD),IMD Climatological Tables 1991-2020,https://imdpune.gov.in/,Verified - Station Proxy,Station proxy from Pamban IMD Station #43379
Devipattinam / Palk Bay Mangrove Belt,Mean Daily Max Temperature,34.8,°C,2020,1991-2020 Normal,Meteorological Station,India Meteorological Department (IMD),IMD Climatological Tables 1991-2020,https://imdpune.gov.in/,Verified - Station Proxy,Pamban / Mimisal IMD Proxy (Annual Avg Max: 34.8 °C; Range: 28.4 °C to 36.8 °C)
Devipattinam / Palk Bay Mangrove Belt,Mean Daily Min Temperature,24.0,°C,2020,1991-2020 Normal,Meteorological Station,India Meteorological Department (IMD),IMD Climatological Tables 1991-2020,https://imdpune.gov.in/,Verified - Station Proxy,Pamban / Mimisal IMD Proxy (Annual Avg Min: 24.0 °C; Range: 22.0 °C to 27.0 °C)
Devipattinam / Palk Bay Mangrove Belt,Annual Rainfall Normal,845.0,mm,2020,1991-2020 Normal,Meteorological Station,India Meteorological Department (IMD),IMD Climatological Tables 1991-2020,https://imdpune.gov.in/,Verified - Station Proxy,Pamban / Mimisal station proxy
Devipattinam / Palk Bay Mangrove Belt,Mangrove Bio-Shield Cover,950.00,ha,2023,Single Year,District Level,Forest Survey of India (FSI),India State of Forest Report (ISFR 2023),https://fsi.nic.in/,Verified - District Proxy,Palk Bay coastal mangrove bio-shield belt in Ramanathapuram
