sample_id,sanctuary_id,sanctuary_name,district,year,season_or_month,fsi_canopy_ha,erosion_rate_m_yr,imd_max_temp_C,imd_min_temp_C,rainfall_mm,salinity_ppt,cyclone_impact_score,vulnerability_label,vulnerability_index_score
1,pichavaram,Pichavaram Mangroves,Cuddalore,2013,Annual,1390.00,-0.85,34.5,23.2,1350.2,27.5,1,Low Risk,34.2
2,pichavaram,Pichavaram Mangroves,Cuddalore,2015,Annual,1410.00,-0.85,34.6,23.3,1360.5,28.0,1,Low Risk,35.0
3,pichavaram,Pichavaram Mangroves,Cuddalore,2017,Annual,1435.00,-0.85,34.8,23.5,1370.0,28.2,2,Moderate Risk,37.5
4,pichavaram,Pichavaram Mangroves,Cuddalore,2019,Annual,1452.00,-0.85,34.9,23.6,1375.4,28.4,2,Moderate Risk,38.0
5,pichavaram,Pichavaram Mangroves,Cuddalore,2021,Annual,1468.00,-0.85,34.8,23.5,1380.0,28.5,3,Moderate Risk,38.2
6,pichavaram,Pichavaram Mangroves,Cuddalore,2023,Annual,1478.60,-0.85,34.8,23.5,1380.4,28.5,4,Moderate Risk,38.5
7,pichavaram,Pichavaram Mangroves,Cuddalore,2023,January,1478.60,-0.85,28.5,20.2,35.2,26.0,0,Low Risk,30.5
8,pichavaram,Pichavaram Mangroves,Cuddalore,2023,February,1478.60,-0.85,30.2,21.0,12.4,27.0,0,Low Risk,31.2
9,pichavaram,Pichavaram Mangroves,Cuddalore,2023,March,1478.60,-0.85,32.8,22.5,18.5,29.5,0,Low Risk,34.0
10,pichavaram,Pichavaram Mangroves,Cuddalore,2023,April,1478.60,-0.85,35.4,24.8,25.0,32.0,0,Moderate Risk,39.5
11,pichavaram,Pichavaram Mangroves,Cuddalore,2023,May,1478.60,-0.85,37.8,26.5,42.0,35.0,0,Moderate Risk,44.2
12,pichavaram,Pichavaram Mangroves,Cuddalore,2023,June,1478.60,-0.85,36.5,26.0,55.0,34.5,0,Moderate Risk,42.0
13,pichavaram,Pichavaram Mangroves,Cuddalore,2023,July,1478.60,-0.85,35.2,25.5,78.0,33.0,0,Moderate Risk,40.1
14,pichavaram,Pichavaram Mangroves,Cuddalore,2023,August,1478.60,-0.85,34.8,25.2,92.0,31.5,0,Moderate Risk,38.8
15,pichavaram,Pichavaram Mangroves,Cuddalore,2023,September,1478.60,-0.85,34.2,24.8,110.0,30.0,0,Low Risk,36.5
16,pichavaram,Pichavaram Mangroves,Cuddalore,2023,October,1478.60,-0.85,32.5,24.0,245.0,27.5,1,Low Risk,34.2
17,pichavaram,Pichavaram Mangroves,Cuddalore,2023,November,1478.60,-0.85,30.0,22.8,380.0,25.0,2,Moderate Risk,39.0
18,pichavaram,Pichavaram Mangroves,Cuddalore,2023,December,1478.60,-0.85,28.8,21.0,286.6,25.5,1,Low Risk,33.5
19,muthupet,Muthupet Mangroves,Tiruvarur,2013,Annual,12150.00,-1.42,35.2,23.4,1120.0,34.5,2,High Risk,52.0
20,muthupet,Muthupet Mangroves,Tiruvarur,2015,Annual,12050.00,-1.42,35.4,23.5,1135.0,35.0,2,High Risk,53.2
21,muthupet,Muthupet Mangroves,Tiruvarur,2017,Annual,11980.00,-1.42,35.5,23.6,1142.0,35.5,3,High Risk,54.8
22,muthupet,Muthupet Mangroves,Tiruvarur,2019,Annual,11820.00,-1.42,35.8,23.9,1148.0,36.5,4,Severe Threat,58.5
23,muthupet,Muthupet Mangroves,Tiruvarur,2021,Annual,11850.00,-1.42,35.6,23.8,1150.0,36.0,4,High Risk,56.0
24,muthupet,Muthupet Mangroves,Tiruvarur,2023,Annual,11880.00,-1.42,35.6,23.8,1152.6,36.2,5,High Risk,56.2
25,muthupet,Muthupet Mangroves,Tiruvarur,2023,January,11880.00,-1.42,29.1,21.0,32.0,32.0,0,Moderate Risk,45.0
26,muthupet,Muthupet Mangroves,Tiruvarur,2023,February,11880.00,-1.42,30.8,21.8,15.0,33.5,0,Moderate Risk,47.2
27,muthupet,Muthupet Mangroves,Tiruvarur,2023,March,11880.00,-1.42,33.5,23.0,20.0,35.0,0,High Risk,52.5
28,muthupet,Muthupet Mangroves,Tiruvarur,2023,April,11880.00,-1.42,36.2,25.2,30.0,38.0,0,High Risk,58.0
29,muthupet,Muthupet Mangroves,Tiruvarur,2023,May,11880.00,-1.42,38.2,26.8,45.0,41.0,0,Severe Threat,64.5
30,muthupet,Muthupet Mangroves,Tiruvarur,2023,June,11880.00,-1.42,37.5,26.5,50.0,40.0,0,Severe Threat,62.0
31,muthupet,Muthupet Mangroves,Tiruvarur,2023,July,11880.00,-1.42,36.0,25.8,65.0,38.5,0,High Risk,57.5
32,muthupet,Muthupet Mangroves,Tiruvarur,2023,August,11880.00,-1.42,35.5,25.4,75.0,37.0,0,High Risk,55.0
33,muthupet,Muthupet Mangroves,Tiruvarur,2023,September,11880.00,-1.42,35.0,25.0,90.0,35.5,0,High Risk,53.2
34,muthupet,Muthupet Mangroves,Tiruvarur,2023,October,11880.00,-1.42,33.2,24.2,210.0,33.0,1,Moderate Risk,48.5
35,muthupet,Muthupet Mangroves,Tiruvarur,2023,November,11880.00,-1.42,30.5,23.0,340.0,30.0,2,High Risk,54.0
36,muthupet,Muthupet Mangroves,Tiruvarur,2023,December,11880.00,-1.42,29.5,21.5,280.6,31.0,1,Moderate Risk,46.8
37,point_calimere,Point Calimere,Nagapattinam,2013,Annual,860.00,-1.15,34.8,23.5,1310.0,32.5,2,Moderate Risk,45.0
38,point_calimere,Point Calimere,Nagapattinam,2015,Annual,850.00,-1.15,35.0,23.7,1325.0,33.0,2,Moderate Risk,46.2
39,point_calimere,Point Calimere,Nagapattinam,2017,Annual,840.00,-1.15,35.1,23.8,1338.0,33.5,3,High Risk,48.0
40,point_calimere,Point Calimere,Nagapattinam,2019,Annual,825.00,-1.15,35.4,24.0,1345.0,34.2,4,High Risk,50.5
41,point_calimere,Point Calimere,Nagapattinam,2021,Annual,822.00,-1.15,35.2,23.9,1350.0,33.8,4,High Risk,49.2
42,point_calimere,Point Calimere,Nagapattinam,2023,Annual,820.00,-1.15,35.2,23.9,1353.2,34.0,5,High Risk,49.0
43,point_calimere,Point Calimere,Nagapattinam,2023,January,820.00,-1.15,29.0,21.2,38.0,30.0,0,Low Risk,38.0
44,point_calimere,Point Calimere,Nagapattinam,2023,February,820.00,-1.15,30.5,22.0,20.0,31.5,0,Low Risk,39.5
45,point_calimere,Point Calimere,Nagapattinam,2023,March,820.00,-1.15,33.0,23.2,25.0,33.0,0,Moderate Risk,44.0
46,point_calimere,Point Calimere,Nagapattinam,2023,April,820.00,-1.15,35.8,25.0,35.0,35.5,0,High Risk,51.2
47,point_calimere,Point Calimere,Nagapattinam,2023,May,820.00,-1.15,37.8,26.9,50.0,38.0,0,High Risk,56.5
48,point_calimere,Point Calimere,Nagapattinam,2023,June,820.00,-1.15,37.0,26.5,58.0,37.2,0,High Risk,54.8
49,point_calimere,Point Calimere,Nagapattinam,2023,July,820.00,-1.15,35.8,25.8,70.0,36.0,0,High Risk,51.0
50,point_calimere,Point Calimere,Nagapattinam,2023,August,820.00,-1.15,35.2,25.2,85.0,35.0,0,High Risk,48.5
51,point_calimere,Point Calimere,Nagapattinam,2023,September,820.00,-1.15,34.5,24.8,105.0,33.5,0,Moderate Risk,46.0
52,point_calimere,Point Calimere,Nagapattinam,2023,October,820.00,-1.15,32.8,24.0,235.0,31.5,1,Low Risk,42.0
53,point_calimere,Point Calimere,Nagapattinam,2023,November,820.00,-1.15,30.2,22.8,360.0,29.0,2,High Risk,47.8
54,point_calimere,Point Calimere,Nagapattinam,2023,December,820.00,-1.15,29.2,21.5,272.2,29.8,1,Low Risk,40.5
55,punnakayal,Punnakayal Mangroves,Thoothukudi,2013,Annual,340.00,-1.65,34.5,23.8,630.0,34.2,1,High Risk,58.0
56,punnakayal,Punnakayal Mangroves,Thoothukudi,2015,Annual,352.00,-1.65,34.6,24.0,642.0,34.8,1,High Risk,59.2
57,punnakayal,Punnakayal Mangroves,Thoothukudi,2017,Annual,360.00,-1.65,34.8,24.1,650.0,35.0,2,High Risk,60.5
58,punnakayal,Punnakayal Mangroves,Thoothukudi,2019,Annual,368.00,-1.65,35.0,24.3,655.0,35.4,2,High Risk,61.8
59,punnakayal,Punnakayal Mangroves,Thoothukudi,2021,Annual,375.00,-1.65,34.9,24.2,660.0,35.6,2,High Risk,62.0
60,punnakayal,Punnakayal Mangroves,Thoothukudi,2023,Annual,380.00,-1.65,34.9,24.2,662.5,35.8,2,High Risk,62.4
61,punnakayal,Punnakayal Mangroves,Thoothukudi,2023,January,380.00,-1.65,29.5,22.0,18.0,33.0,0,Moderate Risk,52.0
62,punnakayal,Punnakayal Mangroves,Thoothukudi,2023,February,380.00,-1.65,31.0,22.8,12.0,34.0,0,High Risk,54.5
63,punnakayal,Punnakayal Mangroves,Thoothukudi,2023,March,380.00,-1.65,33.2,24.0,15.0,35.2,0,High Risk,58.2
64,punnakayal,Punnakayal Mangroves,Thoothukudi,2023,April,380.00,-1.65,35.5,25.8,22.0,37.0,0,Severe Threat,64.0
65,punnakayal,Punnakayal Mangroves,Thoothukudi,2023,May,380.00,-1.65,37.2,27.5,30.0,39.0,0,Severe Threat,68.5
66,punnakayal,Punnakayal Mangroves,Thoothukudi,2023,June,380.00,-1.65,36.8,27.2,38.0,38.5,0,Severe Threat,66.8
67,punnakayal,Punnakayal Mangroves,Thoothukudi,2023,July,380.00,-1.65,35.8,26.5,45.0,37.5,0,Severe Threat,64.2
68,punnakayal,Punnakayal Mangroves,Thoothukudi,2023,August,380.00,-1.65,35.2,26.0,52.0,36.8,0,High Risk,62.0
69,punnakayal,Punnakayal Mangroves,Thoothukudi,2023,September,380.00,-1.65,34.8,25.5,60.0,35.5,0,High Risk,60.1
70,punnakayal,Punnakayal Mangroves,Thoothukudi,2023,October,380.00,-1.65,33.5,24.8,125.0,34.0,0,High Risk,56.5
71,punnakayal,Punnakayal Mangroves,Thoothukudi,2023,November,380.00,-1.65,31.2,23.5,185.0,32.5,1,High Risk,57.8
72,punnakayal,Punnakayal Mangroves,Thoothukudi,2023,December,380.00,-1.65,30.0,22.5,58.5,33.0,1,High Risk,54.0
73,kazhuveli,Kazhuveli Wetland,Villupuram,2013,Annual,45.00,-0.60,35.8,23.0,1260.0,20.0,1,Low Risk,24.0
74,kazhuveli,Kazhuveli Wetland,Villupuram,2015,Annual,65.00,-0.60,36.0,23.1,1275.0,20.8,1,Low Risk,25.2
75,kazhuveli,Kazhuveli Wetland,Villupuram,2017,Annual,82.00,-0.60,36.2,23.2,1290.0,21.2,2,Low Risk,26.5
76,kazhuveli,Kazhuveli Wetland,Villupuram,2019,Annual,98.00,-0.60,36.4,23.3,1300.0,21.8,2,Low Risk,27.2
77,kazhuveli,Kazhuveli Wetland,Villupuram,2021,Annual,110.00,-0.60,36.5,23.4,1305.0,22.0,3,Low Risk,27.8
78,kazhuveli,Kazhuveli Wetland,Villupuram,2023,Annual,120.00,-0.60,36.5,23.4,1310.5,22.4,3,Low Risk,28.0
79,kazhuveli,Kazhuveli Wetland,Villupuram,2023,January,120.00,-0.60,28.8,20.5,30.0,19.0,0,Low Risk,22.0
80,kazhuveli,Kazhuveli Wetland,Villupuram,2023,February,120.00,-0.60,30.5,21.2,15.0,20.0,0,Low Risk,23.2
81,kazhuveli,Kazhuveli Wetland,Villupuram,2023,March,120.00,-0.60,33.2,22.5,22.0,21.5,0,Low Risk,25.0
82,kazhuveli,Kazhuveli Wetland,Villupuram,2023,April,120.00,-0.60,35.8,24.8,32.0,23.0,0,Low Risk,29.5
83,kazhuveli,Kazhuveli Wetland,Villupuram,2023,May,120.00,-0.60,38.0,27.2,45.0,25.0,0,Moderate Risk,34.8
84,kazhuveli,Kazhuveli Wetland,Villupuram,2023,June,120.00,-0.60,37.2,26.8,55.0,24.2,0,Moderate Risk,33.0
85,kazhuveli,Kazhuveli Wetland,Villupuram,2023,July,120.00,-0.60,35.5,25.8,70.0,23.5,0,Low Risk,29.8
86,kazhuveli,Kazhuveli Wetland,Villupuram,2023,August,120.00,-0.60,35.0,25.2,88.0,22.8,0,Low Risk,28.5
87,kazhuveli,Kazhuveli Wetland,Villupuram,2023,September,120.00,-0.60,34.2,24.5,105.0,22.0,0,Low Risk,27.0
88,kazhuveli,Kazhuveli Wetland,Villupuram,2023,October,120.00,-0.60,32.5,23.8,225.0,21.0,1,Low Risk,25.5
89,kazhuveli,Kazhuveli Wetland,Villupuram,2023,November,120.00,-0.60,30.0,22.2,365.0,19.5,1,Low Risk,27.2
90,kazhuveli,Kazhuveli Wetland,Villupuram,2023,December,120.00,-0.60,29.0,21.0,258.5,20.0,1,Low Risk,24.8
91,pulicat,Pulicat Mangroves,Tiruvallur,2013,Annual,290.00,-1.95,36.8,22.5,1230.0,35.5,2,Severe Threat,64.0
92,pulicat,Pulicat Mangroves,Tiruvallur,2015,Annual,295.00,-1.95,37.0,22.6,1245.0,36.0,2,Severe Threat,65.2
93,pulicat,Pulicat Mangroves,Tiruvallur,2017,Annual,300.00,-1.95,37.1,22.8,1260.0,36.5,3,Severe Threat,66.8
94,pulicat,Pulicat Mangroves,Tiruvallur,2019,Annual,305.00,-1.95,37.3,22.9,1270.0,37.0,3,Severe Threat,67.5
95,pulicat,Pulicat Mangroves,Tiruvallur,2021,Annual,308.00,-1.95,37.4,23.0,1275.0,37.2,4,Severe Threat,68.2
96,pulicat,Pulicat Mangroves,Tiruvallur,2023,Annual,310.00,-1.95,37.4,23.0,1280.2,37.5,4,Severe Threat,68.8
97,pulicat,Pulicat Mangroves,Tiruvallur,2023,January,310.00,-1.95,29.0,20.5,35.0,34.0,0,High Risk,56.0
98,pulicat,Pulicat Mangroves,Tiruvallur,2023,February,310.00,-1.95,31.2,21.5,18.0,35.2,0,High Risk,58.5
99,pulicat,Pulicat Mangroves,Tiruvallur,2023,March,310.00,-1.95,34.0,23.2,22.0,36.8,0,Severe Threat,64.2
100,pulicat,Pulicat Mangroves,Tiruvallur,2023,April,310.00,-1.95,36.8,25.5,30.0,38.5,0,Severe Threat,71.0
101,pulicat,Pulicat Mangroves,Tiruvallur,2023,May,310.00,-1.95,38.6,27.5,42.0,40.5,0,Severe Threat,76.5
102,pulicat,Pulicat Mangroves,Tiruvallur,2023,June,310.00,-1.95,37.8,27.0,55.0,39.5,0,Severe Threat,74.0
103,pulicat,Pulicat Mangroves,Tiruvallur,2023,July,310.00,-1.95,36.2,26.2,68.0,38.2,0,Severe Threat,69.5
104,pulicat,Pulicat Mangroves,Tiruvallur,2023,August,310.00,-1.95,35.8,25.8,85.0,37.5,0,Severe Threat,67.0
105,pulicat,Pulicat Mangroves,Tiruvallur,2023,September,310.00,-1.95,35.0,25.2,102.0,36.5,0,High Risk,64.8
106,pulicat,Pulicat Mangroves,Tiruvallur,2023,October,310.00,-1.95,33.0,24.2,240.0,35.0,1,High Risk,62.0
107,pulicat,Pulicat Mangroves,Tiruvallur,2023,November,310.00,-1.95,30.5,23.0,375.0,33.5,2,Severe Threat,66.5
108,pulicat,Pulicat Mangroves,Tiruvallur,2023,December,310.00,-1.95,29.5,21.2,253.2,34.2,1,High Risk,59.0
109,ramanathapuram,Ramanathapuram Islands,Ramanathapuram,2013,Annual,12400.00,-0.45,34.2,23.8,790.0,34.0,1,Low Risk,29.5
110,ramanathapuram,Ramanathapuram Islands,Ramanathapuram,2015,Annual,12480.00,-0.45,34.3,23.9,800.0,34.2,1,Low Risk,30.2
111,ramanathapuram,Ramanathapuram Islands,Ramanathapuram,2017,Annual,12550.00,-0.45,34.5,24.0,810.0,34.5,1,Low Risk,31.0
112,ramanathapuram,Ramanathapuram Islands,Ramanathapuram,2019,Annual,12620.00,-0.45,34.6,24.1,815.0,34.8,1,Low Risk,31.5
113,ramanathapuram,Ramanathapuram Islands,Ramanathapuram,2021,Annual,12660.00,-0.45,34.6,24.1,820.0,35.0,1,Low Risk,31.8
114,ramanathapuram,Ramanathapuram Islands,Ramanathapuram,2023,Annual,12700.00,-0.45,34.6,24.1,822.1,35.0,1,Low Risk,32.1
115,ramanathapuram,Ramanathapuram Islands,Ramanathapuram,2023,January,12700.00,-0.45,28.2,22.1,22.0,33.5,0,Low Risk,27.0
116,ramanathapuram,Ramanathapuram Islands,Ramanathapuram,2023,February,12700.00,-0.45,29.8,22.8,15.0,34.2,0,Low Risk,28.5
117,ramanathapuram,Ramanathapuram Islands,Ramanathapuram,2023,March,12700.00,-0.45,32.0,24.0,18.0,35.0,0,Low Risk,30.8
118,ramanathapuram,Ramanathapuram Islands,Ramanathapuram,2023,April,12700.00,-0.45,34.5,25.8,25.0,36.2,0,Moderate Risk,35.0
119,ramanathapuram,Ramanathapuram Islands,Ramanathapuram,2023,May,12700.00,-0.45,36.5,27.2,32.0,37.5,0,Moderate Risk,38.5
120,ramanathapuram,Ramanathapuram Islands,Ramanathapuram,2023,June,12700.00,-0.45,35.8,26.8,40.0,36.8,0,Moderate Risk,36.8
121,ramanathapuram,Ramanathapuram Islands,Ramanathapuram,2023,July,12700.00,-0.45,35.0,26.2,48.0,36.0,0,Moderate Risk,35.2
122,ramanathapuram,Ramanathapuram Islands,Ramanathapuram,2023,August,12700.00,-0.45,34.5,25.8,55.0,35.5,0,Low Risk,33.8
123,ramanathapuram,Ramanathapuram Islands,Ramanathapuram,2023,September,12700.00,-0.45,34.2,25.2,65.0,35.0,0,Low Risk,32.5
124,ramanathapuram,Ramanathapuram Islands,Ramanathapuram,2023,October,12700.00,-0.45,33.0,24.5,140.0,34.2,0,Low Risk,30.0
125,ramanathapuram,Ramanathapuram Islands,Ramanathapuram,2023,November,12700.00,-0.45,31.0,23.2,220.0,33.2,1,Low Risk,32.0
126,ramanathapuram,Ramanathapuram Islands,Ramanathapuram,2023,December,12700.00,-0.45,29.5,22.4,142.1,33.5,0,Low Risk,28.8
127,devipattinam,Devipattinam Palk Bay Belt,Ramanathapuram,2013,Annual,890.00,-0.70,34.2,23.8,810.0,32.5,1,Low Risk,31.8
128,devipattinam,Devipattinam Palk Bay Belt,Ramanathapuram,2015,Annual,905.00,-0.70,34.4,23.9,820.0,32.8,1,Low Risk,32.5
129,devipattinam,Devipattinam Palk Bay Belt,Ramanathapuram,2017,Annual,920.00,-0.70,34.5,24.0,830.0,33.0,1,Low Risk,33.2
130,devipattinam,Devipattinam Palk Bay Belt,Ramanathapuram,2019,Annual,932.00,-0.70,34.7,24.1,838.0,33.2,2,Low Risk,34.0
131,devipattinam,Devipattinam Palk Bay Belt,Ramanathapuram,2021,Annual,942.00,-0.70,34.8,24.0,842.0,33.4,2,Low Risk,34.5
132,devipattinam,Devipattinam Palk Bay Belt,Ramanathapuram,2023,Annual,950.00,-0.70,34.8,24.0,845.0,33.5,2,Low Risk,34.8
133,devipattinam,Devipattinam Palk Bay Belt,Ramanathapuram,2023,January,950.00,-0.70,28.4,22.0,25.0,32.0,0,Low Risk,29.0
134,devipattinam,Devipattinam Palk Bay Belt,Ramanathapuram,2023,February,950.00,-0.70,30.0,22.6,18.0,32.8,0,Low Risk,30.5
135,devipattinam,Devipattinam Palk Bay Belt,Ramanathapuram,2023,March,950.00,-0.70,32.5,23.8,20.0,33.5,0,Low Risk,33.0
136,devipattinam,Devipattinam Palk Bay Belt,Ramanathapuram,2023,April,950.00,-0.70,35.0,25.5,28.0,34.8,0,Moderate Risk,37.2
137,devipattinam,Devipattinam Palk Bay Belt,Ramanathapuram,2023,May,950.00,-0.70,36.8,27.0,35.0,36.0,0,Moderate Risk,41.0
138,devipattinam,Devipattinam Palk Bay Belt,Ramanathapuram,2023,June,950.00,-0.70,36.0,26.5,42.0,35.5,0,Moderate Risk,39.2
139,devipattinam,Devipattinam Palk Bay Belt,Ramanathapuram,2023,July,950.00,-0.70,35.2,26.0,50.0,34.8,0,Moderate Risk,37.5
140,devipattinam,Devipattinam Palk Bay Belt,Ramanathapuram,2023,August,950.00,-0.70,34.8,25.5,58.0,34.2,0,Moderate Risk,36.0
141,devipattinam,Devipattinam Palk Bay Belt,Ramanathapuram,2023,September,950.00,-0.70,34.2,25.0,70.0,33.8,0,Low Risk,34.5
142,devipattinam,Devipattinam Palk Bay Belt,Ramanathapuram,2023,October,950.00,-0.70,33.0,24.2,150.0,33.0,0,Low Risk,32.0
143,devipattinam,Devipattinam Palk Bay Belt,Ramanathapuram,2023,November,950.00,-0.70,30.8,23.0,230.0,31.8,1,Low Risk,33.5
144,devipattinam,Devipattinam Palk Bay Belt,Ramanathapuram,2023,December,950.00,-0.70,29.2,22.0,119.0,32.2,0,Low Risk,30.2
145,pichavaram,Pichavaram Mangroves,Cuddalore,2011,Post-Cyclone Thane,1370.00,-0.85,34.0,23.0,1320.0,28.0,5,High Risk,54.0
146,muthupet,Muthupet Mangroves,Tiruvarur,2018,Post-Cyclone Gaja,11750.00,-1.42,35.8,24.0,1130.0,37.5,5,Severe Threat,78.5
147,pulicat,Pulicat Mangroves,Tiruvallur,2016,Post-Cyclone Vardah,285.00,-1.95,37.5,23.2,1250.0,38.0,5,Severe Threat,76.0
148,point_calimere,Point Calimere,Nagapattinam,2018,Post-Cyclone Gaja,815.00,-1.15,35.5,24.0,1330.0,35.2,5,Severe Threat,68.0
149,pichavaram,Pichavaram Mangroves,Cuddalore,2020,Post-Cyclone Nivar,1455.00,-0.85,34.5,23.2,1370.0,29.0,4,High Risk,48.0
150,pulicat,Pulicat Mangroves,Tiruvallur,2023,Post-Cyclone Michaung,305.00,-1.95,37.2,22.8,1270.0,38.2,5,Severe Threat,79.0
151,pichavaram,Pichavaram Mangroves,Cuddalore,2024,Dry Summer Baseline,1478.60,-0.85,38.2,27.0,15.0,36.0,0,High Risk,46.5
152,muthupet,Muthupet Mangroves,Tiruvarur,2024,Dry Summer Baseline,11880.00,-1.42,39.0,27.5,12.0,42.0,0,Severe Threat,69.0
153,point_calimere,Point Calimere,Nagapattinam,2024,Dry Summer Baseline,820.00,-1.15,38.5,27.2,18.0,39.5,0,Severe Threat,62.0
154,punnakayal,Punnakayal Mangroves,Thoothukudi,2024,Dry Summer Baseline,380.00,-1.65,38.0,28.0,10.0,40.5,0,Severe Threat,71.0
155,kazhuveli,Kazhuveli Wetland,Villupuram,2024,Dry Summer Baseline,120.00,-0.60,38.8,27.5,20.0,26.5,0,Moderate Risk,36.5
156,pulicat,Pulicat Mangroves,Tiruvallur,2024,Dry Summer Baseline,310.00,-1.95,39.2,28.2,25.0,41.8,0,Severe Threat,78.0
157,ramanathapuram,Ramanathapuram Islands,Ramanathapuram,2024,Dry Summer Baseline,12700.00,-0.45,37.0,27.8,20.0,38.0,0,Moderate Risk,40.5
158,devipattinam,Devipattinam Palk Bay Belt,Ramanathapuram,2024,Dry Summer Baseline,950.00,-0.70,37.2,27.5,22.0,37.2,0,Moderate Risk,42.5
159,pichavaram,Pichavaram Mangroves,Cuddalore,2024,Monsoon Flood Baseline,1478.60,-0.85,29.0,21.5,420.0,24.5,2,Low Risk,32.0
160,muthupet,Muthupet Mangroves,Tiruvarur,2024,Monsoon Flood Baseline,11880.00,-1.42,30.0,22.0,380.0,28.5,2,Moderate Risk,47.5
161,point_calimere,Point Calimere,Nagapattinam,2024,Monsoon Flood Baseline,820.00,-1.15,29.8,21.8,390.0,28.0,2,Moderate Risk,43.0
162,punnakayal,Punnakayal Mangroves,Thoothukudi,2024,Monsoon Flood Baseline,380.00,-1.65,30.5,22.8,210.0,31.0,1,High Risk,52.5
163,kazhuveli,Kazhuveli Wetland,Villupuram,2024,Monsoon Flood Baseline,120.00,-0.60,29.5,21.0,410.0,18.5,1,Low Risk,23.5
164,pulicat,Pulicat Mangroves,Tiruvallur,2024,Monsoon Flood Baseline,310.00,-1.95,30.0,21.5,430.0,32.0,2,High Risk,58.5
165,ramanathapuram,Ramanathapuram Islands,Ramanathapuram,2024,Monsoon Flood Baseline,12700.00,-0.45,30.2,22.5,280.0,32.0,1,Low Risk,29.5
166,devipattinam,Devipattinam Palk Bay Belt,Ramanathapuram,2024,Monsoon Flood Baseline,950.00,-0.70,30.0,22.2,290.0,31.0,1,Low Risk,31.0
167,statewide,Statewide Ensemble Synthesis,Tamil Nadu Coast,2023,Annual Master,28538.60,-1.12,35.5,23.8,1125.0,33.8,3,Moderate Risk,44.5
168,statewide,Statewide Ensemble Projection,Tamil Nadu Coast,2025,Annual Model,28950.00,-1.10,35.8,24.0,1130.0,34.2,3,Moderate Risk,45.2
